Eth,MAE,N_events,Nth,RMSE,bias,chi2_ndf,chi2_ndf_dof,chi2_p,chi2_vs_poisson1,dataset,energy_captured_fraction,energy_containment_mean,energy_containment_median,energy_containment_std,energy_split_fraction,energy_unclustered_fraction,exact_match_rate,frac_0,frac_1,frac_2,frac_3plus,frac_events_containment_ge_90,frac_events_containment_ge_99,ks_D,ks_p,max_clusters,mean_clusters,median_clusters,over_cluster_rate,recon_seconds,std_clusters,under_cluster_rate
5.0,0.80486,50000,1.0,1.0642462121144711,0.5707800000000001,4132.203479661732,6,0.0,24793.22087797039,ep_iso,0.8792874733429337,0.7019341422939918,0.7355752029512119,0.18419212393619222,0.16539676925076377,0.12071252665706633,0.34546,0.11704,0.34546,0.4002,0.1373,0.11369296451125145,0.0018011206973227785,0.6187188823428846,0.0,5,1.57078,2.0,0.5375,35.463066816329956,0.898246251607303,0.11704
5.0,0.85618,50000,2.0,1.1124297730643495,0.6221000000000001,4660.694560093508,6,0.0,27964.167360561045,ep_iso,0.8792874733429337,0.6908704205036502,0.7199322999130537,0.18434586931427357,0.17675881856293807,0.12071252665706633,0.3174,0.11704,0.3174,0.40832,0.15724,0.10008449702036823,0.0016899404073645824,0.6187188823428846,0.0,5,1.6221,2.0,0.56556,34.26855802536011,0.9222302316515131,0.11704
5.0,0.86296,50000,3.0,1.1196785252919697,0.6288800000000001,4715.03529720114,6,0.0,28290.21178320684,ep_iso,0.8792874733429337,0.6893687264760774,0.7181222501219594,0.1844177056815302,0.17829756333092484,0.12071252665706633,0.31464,0.11704,0.31464,0.40772,0.1606,0.09799430756915414,0.0016454682913813038,0.6187188823428846,0.0,5,1.62888,2.0,0.56832,46.91703987121582,0.9263946835675358,0.11704
6.0,0.70566,50000,1.0,0.9630680142129111,0.47073999999999994,3488.1499751254037,6,0.0,20928.899850752423,ep_iso,0.8664742666554848,0.7007358643485285,0.7342888582696074,0.1845261909828678,0.15345095606137737,0.13352573334451523,0.39878,0.11746,0.39878,0.38564,0.09812,0.11138041448012097,0.0016009961753980255,0.6182988823428847,0.0,5,1.47074,1.0,0.48376,37.06857228279114,0.8401892469910665,0.11746
6.0,0.75004,50000,2.0,1.0043903623591774,0.51512,3826.006120617583,6,0.0,22956.036723705496,ep_iso,0.8664742666554848,0.6900863920990635,0.7192996343615718,0.18484860687576637,0.16439012654778606,0.13352573334451523,0.37108,0.11746,0.37108,0.39838,0.11308,0.09928399893266922,0.0014898158854398293,0.6182988823428847,0.0,5,1.51512,2.0,0.51146,39.569992542266846,0.8622448926639684,0.11746
6.0,0.75484,50000,3.0,1.0099306906911978,0.5199199999999999,3839.7282156892493,6,0.0,23038.369294135497,ep_iso,0.8664742666554848,0.6889713269654855,0.7179869078573837,0.1849421089808155,0.16553426749667208,0.13352573334451523,0.36906,0.11746,0.36906,0.39802,0.11546,0.09770523881526283,0.0014453437694565508,0.6182988823428847,0.0,5,1.51992,2.0,0.51348,36.34548306465149,0.8658280353301893,0.11746
7.0,0.62696,50000,1.0,0.8823151364450232,0.39148000000000005,3179.1469777357684,6,0.0,19074.88186641461,ep_iso,0.8544835390685213,0.6997119473026138,0.7332279708373706,0.1847426097751273,0.14228261419061844,0.14551646093147874,0.44604,0.11774,0.44604,0.36594,0.07028,0.1092457529129236,0.0014231077114649116,0.6180188823428847,0.0,5,1.39148,1.0,0.43622,45.46085238456726,0.7907186062805696,0.11774
7.0,0.66572,50000,2.0,0.9176273753545063,0.43023999999999996,3398.5747330431946,6,0.0,20391.448398259166,ep_iso,0.8544835390685213,0.6895559610884958,0.7188114809536338,0.18517440337160512,0.15271615177603085,0.14551646093147874,0.419,0.11774,0.419,0.38194,0.08132,0.0985946811349284,0.0013119274215067152,0.6180188823428847,0.0,5,1.43024,1.0,0.46326,44.04835367202759,0.8105224742927408,0.11774
7.0,0.66912,50000,3.0,0.9218025819013527,0.43364,3395.4005228645874,6,0.0,20372.403137187524,ep_iso,0.8544835390685213,0.6887098087157225,0.7179221403952538,0.185285914409309,0.15358287006297294,0.14551646093147874,0.41752,0.11774,0.41752,0.38172,0.08302,0.09752735035132971,0.0012674553055234369,0.6180188823428847,0.0,5,1.43364,1.0,0.46474,44.944358825683594,0.8134430429917536,0.11774
8.0,0.56258,50000,1.0,0.8173249047961282,0.32665999999999995,3657.3957924942706,5,0.0,18286.978962471352,ep_iso,0.8431462764837433,0.6987533094111382,0.7322374085098482,0.1849101316716401,0.13174626880104656,0.1568537235162567,0.48898,0.11796,0.48898,0.34266,0.0504,0.10786711731744196,0.001289691363515076,0.6177988823428847,0.0,4,1.32666,1.0,0.39306,37.283408403396606,0.7492159040553115,0.11796
8.0,0.59656,50000,2.0,0.848598845155943,0.36064000000000007,3790.196559627197,5,0.0,18950.982798135985,ep_iso,0.8431462764837433,0.6891560809600672,0.7184409168436632,0.18547322160507787,0.14160862863174006,0.1568537235162567,0.46366,0.11796,0.46366,0.35972,0.05866,0.09819443209107889,0.00117851107355688,0.6177988823428847,0.0,4,1.36064,1.0,0.41838,45.49587345123291,0.7681605247679917,0.11796
8.0,0.59908,50000,3.0,0.8517511373634907,0.3631599999999999,3779.7336645337855,5,0.0,18898.668322668927,ep_iso,0.8431462764837433,0.688498341871114,0.7178290540000356,0.18555637532328936,0.1422811565810192,0.1568537235162567,0.46248,0.11796,0.46248,0.35964,0.05992,0.09737169794538825,0.0011340389575736013,0.6177988823428847,0.0,4,1.36316,1.0,0.41956,36.82980251312256,0.7704587507022882,0.11796
9.0,0.50454,50000,1.0,0.7577994457638512,0.26825999999999994,3692.005967935051,5,0.0,18460.029839675255,ep_iso,0.8317052959451212,0.6978693921608251,0.7312140562882307,0.18506357760283104,0.12106382269737932,0.16829470405487879,0.5299,0.11814,0.5299,0.31794,0.03402,0.10655518989593525,0.0012229831895401583,0.6176188823428846,0.0,4,1.26826,1.0,0.35196,37.85613441467285,0.7087359300419097,0.11814
9.0,0.5348,50000,2.0,0.7856207736560942,0.2985199999999999,3726.946664699918,5,0.0,18634.73332349959,ep_iso,0.8317052959451212,0.688840238787529,0.718210089404892,0.18569656557551723,0.13034409861942198,0.16829470405487879,0.5058,0.11814,0.5058,0.33606,0.04,0.09788312727919594,0.0011118028995819621,0.6176188823428846,0.0,4,1.29852,1.0,0.37606,40.47818374633789,0.7267023954325668,0.11814
9.0,0.53672,50000,3.0,0.7881624198095212,0.30044000000000004,3712.204139315161,5,0.0,18561.020696575804,ep_iso,0.8317052959451212,0.6883225127343016,0.7177202312356303,0.18577863570485897,0.13087275845933793,0.16829470405487879,0.50488,0.11814,0.50488,0.33602,0.04096,0.0972382815974384,0.0010673307835986836,0.6176188823428846,0.0,4,1.30044,1.0,0.37698,36.60412240028381,0.7286607065901843,0.11814
10.0,0.45624,50000,1.0,0.7090275029926554,0.2194799999999999,3832.1696145791975,5,0.0,19160.848072895988,ep_iso,0.8208876340695398,0.696885030712395,0.7300099043563242,0.18532347072001118,0.11107504450960426,0.1791123659304602,0.5668,0.11838,0.5668,0.29198,0.02284,0.10524326247442853,0.0010673307835986836,0.6173788823428846,0.0,4,1.21948,1.0,0.31482,34.20456314086914,0.6742088851034336,0.11838
10.0,0.48296,50000,2.0,0.7332121111929344,0.24619999999999997,3791.1053356080874,5,0.0,18955.526678040438,ep_iso,0.8208876340695398,0.688428410317473,0.7179396740489066,0.185993517650595,0.11976504112346877,0.1791123659304602,0.54412,0.11838,0.54412,0.31066,0.02684,0.09743840611936316,0.0009783865516321266,0.6173788823428846,0.0,4,1.2462,1.0,0.3375,36.28313684463501,0.6906483185399049,0.11838
10.0,0.48412,50000,3.0,0.7347924877133679,0.24736000000000002,3779.044634455907,5,0.0,18895.223172279533,ep_iso,0.8208876340695398,0.688100694244329,0.7175754489320889,0.18605947302410406,0.12010398324631828,0.1791123659304602,0.54354,0.11838,0.54354,0.31066,0.02742,0.0970603931335053,0.0009561504936404874,0.6173788823428846,0.0,4,1.24736,1.0,0.33808,36.124796867370605,0.691912281472229,0.11838
11.0,0.41222,50000,1.0,0.6643944611448834,0.1749400000000001,4083.3236657699554,5,0.0,20416.618328849778,ep_iso,0.8099799197792797,0.695896349561158,0.7286548846572461,0.1856558173561402,0.10101923248808185,0.19002008022072026,0.60232,0.11864,0.60232,0.26456,0.01448,0.1042648759227964,0.0009561504936404874,0.6171188823428847,0.0,4,1.17494,1.0,0.27904,43.942559480667114,0.6409557027472785,0.11864
11.0,0.43534,50000,2.0,0.68525907509496,0.1980599999999999,3971.9327060862292,5,0.0,19859.663530431146,ep_iso,0.8099799197792797,0.6881513220982134,0.7178290540000356,0.18632659590443437,0.10897675579581759,0.19002008022072026,0.5817,0.11864,0.5817,0.2827,0.01696,0.09730498977141333,0.000911678377657209,0.6171188823428847,0.0,4,1.19806,1.0,0.29966,39.09038066864014,0.6560189354103066,0.11864
11.0,0.43626,50000,3.0,0.6866003204193835,0.19897999999999993,3959.958533281212,5,0.0,19799.79266640606,ep_iso,0.8099799197792797,0.687882290597525,0.7174996796819483,0.1863795765748428,0.10925532827148075,0.19002008022072026,0.58124,0.11864,0.58124,0.2827,0.01742,0.0969492128435471,0.0008894423196655697,0.6171188823428847,0.0,4,1.19898,1.0,0.30012,42.64282441139221,0.657141990982106,0.11864
12.0,0.3725,50000,1.0,0.6244197306299666,0.13422,4428.045185396544,5,0.0,22140.225926982723,ep_iso,0.7991738947064534,0.6947712023292912,0.7273156813960464,0.18627572205286938,0.09107202561340819,0.2008261052935466,0.63618,0.11914,0.63618,0.23602,0.00866,0.10317530908120609,0.0008227341456906519,0.6166188823428846,0.0,4,1.13422,1.0,0.24468,44.16189885139465,0.609829836469641,0.11914
12.0,0.39298,50000,2.0,0.643070758159629,0.15470000000000006,4249.721254624268,5,0.0,21248.606273121342,ep_iso,0.7991738947064534,0.6876241880505926,0.7174880895986349,0.1869445757675009,0.0984179275592519,0.2008261052935466,0.61728,0.11914,0.61728,0.25334,0.01024,0.0969492128435471,0.0007782620297073734,0.6166188823428846,0.0,4,1.1547,1.0,0.26358,42.04526114463806,0.6241920396112451,0.11914
12.0,0.39346,50000,3.0,0.6438167441127949,0.1551800000000001,4242.4781861029205,5,0.0,21212.390930514604,ep_iso,0.7991738947064534,0.6874747677938675,0.7173893969950942,0.18696521182321416,0.09857279848302003,0.2008261052935466,0.61704,0.11914,0.61704,0.25334,0.01048,0.0967268522636307,0.0007560259717157343,0.6166188823428846,0.0,4,1.15518,1.0,0.26382,40.945557832717896,0.6248415608292416,0.11914
13.0,0.33842,50000,1.0,0.5898643911951289,0.09878000000000009,6049.917625920714,4,0.0,24199.670503682857,ep_iso,0.7889050855369658,0.6936684502534203,0.7261697309232658,0.18714814096905338,0.08171366040243497,0.2110949144630342,0.66634,0.11982,0.66634,0.20908,0.00476,0.10253046339944855,0.0007782620297073734,0.6159388823428846,0.0,3,1.09878,1.0,0.21384,41.3257520198822,0.5815404331476083,0.11982
13.0,0.35622,50000,2.0,0.6060858025065428,0.1165799999999999,5769.806838343495,4,0.0,23079.22735337398,ep_iso,0.7889050855369658,0.6871820190465849,0.7173461595034432,0.1876816556353783,0.08838153343213334,0.2110949144630342,0.64934,0.11982,0.64934,0.22528,0.00556,0.0967268522636307,0.000733789913724095,0.6159388823428846,0.0,3,1.11658,1.0,0.23084,46.32905554771423,0.5947740568682989,0.11982
13.0,0.35654,50000,3.0,0.6066135507883087,0.1169,5763.115298332014,4,0.0,23052.461193328058,ep_iso,0.7889050855369658,0.687080393326902,0.717261763898076,0.18769620224640887,0.08848697558302959,0.2110949144630342,0.64918,0.11982,0.64918,0.22528,0.00572,0.09657119985768924,0.0007115538557324558,0.6159388823428846,0.0,3,1.1169,1.0,0.231,43.67774558067322,0.5952490877183506,0.11982
14.0,0.30746,50000,1.0,0.5584800802177281,0.06597999999999993,6655.432096342532,4,0.0,26621.728385370126,ep_iso,0.7786776690294501,0.6924096136068638,0.7250178749197057,0.18816878210906204,0.07246746796498835,0.22132233097054987,0.69476,0.12074,0.69476,0.18228,0.00222,0.10157431290580805,0.000644845681757538,0.6150188823428847,0.0,3,1.06598,1.0,0.1845,39.57790422439575,0.554574423009043,0.12074
14.0,0.3228,50000,2.0,0.5728525115594764,0.08132000000000006,6332.250948677926,4,0.0,25329.003794711705,ep_iso,0.7786776690294501,0.6866110079647458,0.7171349965944714,0.18867537035044818,0.07843260526470106,0.22132233097054987,0.67988,0.12074,0.67988,0.1967,0.00268,0.0965044916837143,0.0006003735657742595,0.6150188823428847,0.0,3,1.08132,1.0,0.19938,43.53280448913574,0.5670568654639263,0.12074
14.0,0.32308,50000,3.0,0.5733410852189122,0.0815999999999999,6325.940226359205,4,0.0,25303.76090543682,ep_iso,0.7786776690294501,0.6865204940548749,0.7170561656354837,0.1886907481147077,0.07852649419395497,0.22132233097054987,0.67974,0.12074,0.67974,0.1967,0.00282,0.09637107533576447,0.0005781375077826203,0.6150188823428847,0.0,3,1.0816,1.0,0.19952,44.00080490112305,0.5675102477996561,0.12074
15.0,0.28062,50000,1.0,0.5314320276385307,0.03706000000000009,7308.175068973319,4,0.0,29232.700275893276,ep_iso,0.7688372955507138,0.6911594321212188,0.723836232321609,0.18927130926523916,0.06378815728609935,0.23116270444928622,0.72028,0.12178,0.72028,0.15704,0.0009,0.10075157876011741,0.0006226096237658987,0.6139788823428847,0.0,3,1.03706,1.0,0.15794,40.57111740112305,0.5301435441873728,0.12178
15.0,0.29338,50000,2.0,0.543635907570499,0.049819999999999975,6972.971980137127,4,0.0,27891.887920548506,ep_iso,0.7688372955507138,0.6861341999560734,0.7170561656354837,0.18972126953581567,0.06895632280511775,0.23116270444928622,0.7077,0.12178,0.7077,0.16944,0.00108,0.09641554745174775,0.0005781375077826203,0.6139788823428847,0.0,3,1.04982,1.0,0.17052,45.848894357681274,0.5413537003444028,0.12178
15.0,0.29354,50000,3.0,0.5439301425734743,0.04997999999999991,6969.161275207445,4,0.0,27876.64510082978,ep_iso,0.7688372955507138,0.6860817451212637,0.7170101077388046,0.18973334226914812,0.0690105721599377,0.23116270444928622,0.70762,0.12178,0.70762,0.16944,0.00116,0.0963266032197812,0.0005781375077826203,0.6139788823428847,0.0,3,1.04998,1.0,0.1706,35.80052900314331,0.5416344403353051,0.12178
20.0,0.18942,50000,1.0,0.43522408021615716,-0.09321999999999997,14214.759081102378,3,0.0,42644.27724330714,ep_iso,0.7167986103420281,0.6794577008618605,0.7187257436385699,0.2095180139949359,0.02266826867906722,0.2832013896579719,0.81058,0.14132,0.81058,0.0481,0.0,0.0977941830472294,0.0004891932758160633,0.5944388823428847,0.0,2,0.90678,1.0,0.0481,40.2529776096344,0.42512779992953353,0.14132
20.0,0.1935,50000,2.0,0.4398863489584554,-0.08914,13952.925041958259,3,0.0,41858.775125874774,ep_iso,0.7167986103420281,0.6775856017932121,0.716471476889085,0.2094131273280314,0.024605104332603097,0.2832013896579719,0.8065,0.14132,0.8065,0.05218,0.0,0.09552610513208218,0.0004669572178244241,0.5944388823428847,0.0,2,0.91086,1.0,0.05218,46.7831552028656,0.43076417162460373,0.14132
20.0,0.1935,50000,3.0,0.4398863489584554,-0.08914,13952.925041958259,3,0.0,41858.775125874774,ep_iso,0.7167986103420281,0.6775856017932121,0.716471476889085,0.2094131273280314,0.024605104332603097,0.2832013896579719,0.8065,0.14132,0.8065,0.05218,0.0,0.09552610513208218,0.0004669572178244241,0.5944388823428847,0.0,2,0.91086,1.0,0.05218,40.64760875701904,0.43076417162460373,0.14132
5.0,0.73878,50000,1.0,0.9976271848741893,0.49229999999999996,3469.8740693596706,6,0.0,20819.244416158024,gamma_iso,0.8849677156060547,0.7365931474079491,0.7663055691667848,0.1575215913502966,0.1479538302049804,0.1150322843939453,0.38146,0.12324,0.38146,0.38292,0.11238,0.15154826958105647,0.002117486338797814,0.6125188823428847,0.0,5,1.4923,1.0,0.4953,41.03198027610779,0.8677071904250685,0.12324
5.0,0.78592,50000,2.0,1.0418637146959289,0.5394399999999999,3861.7784285909806,6,0.0,23170.670571545885,gamma_iso,0.8849677156060547,0.7263751255688004,0.7527464767884622,0.15865798160984249,0.15826589193778792,0.1150322843939453,0.35352,0.12324,0.35352,0.3939,0.12934,0.1354735883424408,0.0018214936247723133,0.6125188823428847,0.0,5,1.53944,2.0,0.52324,50.38519310951233,0.8913475059748179,0.12324
5.0,0.79102,50000,3.0,1.0476736132975766,0.54454,3886.436452347662,6,0.0,23318.618714085973,gamma_iso,0.8849677156060547,0.7252200067606127,0.7514634714053892,0.15889920574650224,0.15943978086087188,0.1150322843939453,0.3514,0.12324,0.3514,0.39352,0.13184,0.13367486338797815,0.0017531876138433516,0.6125188823428847,0.0,5,1.54454,2.0,0.52536,45.92883014678955,0.8950487197042476,0.12324
6.0,0.6425,50000,1.0,0.8994553907782197,0.3956200000000001,3040.2913519977847,6,0.0,18241.748111986708,gamma_iso,0.872207989865775,0.7357022184475486,0.7654632704873857,0.15768507185215766,0.13600657009798645,0.12779201013422503,0.43728,0.12344,0.43728,0.36294,0.07634,0.14924863387978143,0.0020491803278688526,0.6123188823428847,0.0,5,1.39562,1.0,0.43928,37.454824924468994,0.8077857797444316,0.12344
6.0,0.68196,50000,2.0,0.9352860524994479,0.4350799999999999,3275.346473293265,6,0.0,19652.07883975959,gamma_iso,0.872207989865775,0.7260172789843855,0.7524275565980021,0.15894572183396247,0.14578103253466318,0.12779201013422503,0.41016,0.12344,0.41016,0.3785,0.0879,0.13494990892531877,0.0017759562841530056,0.6123188823428847,0.0,5,1.43508,1.0,0.4664,36.93010711669922,0.8279366540877772,0.12344
6.0,0.68576,50000,3.0,0.9399574458452893,0.43887999999999994,3274.5091065760084,6,0.0,19647.05463945605,gamma_iso,0.872207989865775,0.7251095641736052,0.7514353016259586,0.15917197774246503,0.1467043625141312,0.12779201013422503,0.40854,0.12344,0.40854,0.37822,0.0898,0.13362932604735883,0.0017304189435336976,0.6123188823428847,0.0,5,1.43888,1.0,0.46802,38.17249655723572,0.8312148723183912,0.12344
7.0,0.56792,50000,1.0,0.8244755909061225,0.3206800000000001,2877.7885137229127,6,0.0,17266.731082337476,gamma_iso,0.8606237036492496,0.7348231585533418,0.7642122236803646,0.15790230554029278,0.125177129496114,0.13937629635075044,0.48654,0.12362,0.48654,0.33682,0.05302,0.1472905282331512,0.0019581056466302367,0.6121388823428847,0.0,5,1.32068,1.0,0.38984,52.85660648345947,0.7595629508589308,0.12362
7.0,0.60212,50000,2.0,0.8555933613580694,0.3548800000000001,2987.512566811604,6,0.0,17925.075400869624,gamma_iso,0.8606237036492496,0.725675893861829,0.7520896553866021,0.15931107519649226,0.1344124171213363,0.13937629635075044,0.46108,0.12362,0.46108,0.35384,0.06146,0.13465391621129327,0.0017076502732240437,0.6121388823428847,0.0,5,1.35488,1.0,0.4153,50.53341555595398,0.7785321495263743,0.12362
7.0,0.605,50000,3.0,0.8591623827891908,0.3577600000000001,2978.535196427753,6,0.0,17871.21117856652,gamma_iso,0.8606237036492496,0.724956632487381,0.7514015705153416,0.15946979089762608,0.1351449814557004,0.13937629635075044,0.45974,0.12362,0.45974,0.35372,0.06292,0.13356102003642986,0.001662112932604736,0.6121388823428847,0.0,5,1.35776,1.0,0.41664,48.317798137664795,0.781140183321611,0.12362
8.0,0.50784,50000,1.0,0.7632823854904554,0.2602,3486.6140825951275,5,0.0,17433.070412975638,gamma_iso,0.8497613195925379,0.7339704820051112,0.7630196194524119,0.15816162242616838,0.1150798194803546,0.15023868040746213,0.529,0.12382,0.529,0.31088,0.0363,0.14587887067395264,0.001935336976320583,0.6119388823428846,0.0,4,1.2602,1.0,0.34718,44.3083553314209,0.7175696886889541,0.12382
8.0,0.53744,50000,2.0,0.7903163923391695,0.28980000000000006,3509.3416152166196,5,0.0,17546.708076083098,gamma_iso,0.8497613195925379,0.7253800982510413,0.7518916938511255,0.15965101324623507,0.12375707246107473,0.15023868040746213,0.50548,0.12382,0.50548,0.32844,0.04226,0.13438069216757742,0.0017076502732240437,0.6119388823428846,0.0,4,1.2898,1.0,0.3707,39.05670714378357,0.7352732638519168,0.12382
8.0,0.53954,50000,3.0,0.7930321557162736,0.29190000000000005,3494.2174974287836,5,0.0,17471.08748714392,gamma_iso,0.8497613195925379,0.7248285109614616,0.7513741251892807,0.15978929682031728,0.12431934492044378,0.15023868040746213,0.50446,0.12382,0.50446,0.3284,0.04332,0.13353825136612021,0.001662112932604736,0.6119388823428846,0.0,4,1.2919,1.0,0.37172,52.67781138420105,0.7373637257861835,0.12382
9.0,0.45532,50000,1.0,0.7101549126775087,0.2070399999999999,3658.013244775041,5,0.0,18290.066223875205,gamma_iso,0.8390685591779914,0.7330799277555862,0.7619903057298323,0.15866935598537985,0.10509695335863395,0.1609314408220086,0.56902,0.12414,0.56902,0.28266,0.02418,0.14444444444444443,0.0018670309653916212,0.6116188823428846,0.0,4,1.20704,1.0,0.30684,39.10866165161133,0.6793111714622051,0.12414
9.0,0.48152,50000,2.0,0.7340572184782328,0.2332399999999999,3593.369458418638,5,0.0,17966.84729209319,gamma_iso,0.8390685591779914,0.7249776428486622,0.7516499339952636,0.16022773428648338,0.11328357789980566,0.1609314408220086,0.54694,0.12414,0.54694,0.30066,0.02826,0.13406193078324227,0.001639344262295082,0.6116188823428846,0.0,4,1.23324,1.0,0.32892,44.376753091812134,0.6960235566242191,0.12414
9.0,0.48298,50000,3.0,0.736057063005308,0.2346999999999999,3578.183265946967,5,0.0,17890.916329734835,gamma_iso,0.8390685591779914,0.7245821910692738,0.7513071735002654,0.1603126487811324,0.11368645623538422,0.1609314408220086,0.54622,0.12414,0.54622,0.30064,0.029,0.13342440801457195,0.0015938069216757742,0.6116188823428846,0.0,4,1.2347,1.0,0.32964,40.64433193206787,0.6976429202055177,0.12414
10.0,0.41234,50000,1.0,0.6669482738563763,0.16378000000000004,3930.324770749428,5,0.0,19651.62385374714,gamma_iso,0.8292478209441875,0.7322896372019679,0.760986772288661,0.15886825320573486,0.0959958068972011,0.17075217905581253,0.60382,0.12428,0.60382,0.25582,0.01608,0.1431921675774135,0.0018214936247723133,0.6114788823428847,0.0,4,1.16378,1.0,0.2719,46.23198580741882,0.6465326532275334,0.12428
10.0,0.43538,50000,2.0,0.6879098778183084,0.18681999999999999,3797.1667126529683,5,0.0,18985.83356326484,gamma_iso,0.8292478209441875,0.7247333097990362,0.751472345395263,0.16047968246509847,0.10363450306606098,0.17075217905581253,0.58346,0.12428,0.58346,0.2735,0.01876,0.13381147540983607,0.001616575591985428,0.6114788823428847,0.0,4,1.18682,1.0,0.29226,47.317872524261475,0.6620627267420232,0.12428
10.0,0.43628,50000,3.0,0.6892314560436139,0.1877200000000001,3785.457789788772,5,0.0,18927.28894894386,gamma_iso,0.8292478209441875,0.7244783131174926,0.75126485380749,0.16054315037890382,0.10389480244538345,0.17075217905581253,0.58302,0.12428,0.58302,0.27348,0.01922,0.13337887067395265,0.0015938069216757742,0.6114788823428847,0.0,4,1.18772,1.0,0.2927,45.16036534309387,0.6631817230593405,0.12428
11.0,0.37274,50000,1.0,0.6270087718684644,0.12378,4307.323136187759,5,0.0,21536.615680938794,gamma_iso,0.8192959579526797,0.7314639893680009,0.7599811280272978,0.15934158209082738,0.08677513516970634,0.18070404204732027,0.63744,0.12448,0.63744,0.22792,0.01016,0.14225865209471766,0.0017759562841530056,0.6112788823428846,0.0,4,1.12378,1.0,0.23808,42.60952949523926,0.6146755795713398,0.12448
11.0,0.3929,50000,2.0,0.6454300891653565,0.14393999999999996,4114.51357940977,5,0.0,20572.567897048848,gamma_iso,0.8192959579526797,0.724527476244318,0.7514046419848581,0.1608092239595891,0.0937897553730952,0.18070404204732027,0.61892,0.12448,0.61892,0.2448,0.0118,0.13362932604735883,0.0015938069216757742,0.6112788823428846,0.0,4,1.14394,1.0,0.2566,40.72286677360535,0.629181367956709,0.12448
11.0,0.39356,50000,3.0,0.6464673232267815,0.14460000000000006,4104.542008320286,5,0.0,20522.710041601433,gamma_iso,0.8192959579526797,0.7243315960755407,0.7512235970182114,0.16087100494920153,0.09398999368517491,0.18070404204732027,0.6186,0.12448,0.6186,0.24478,0.01214,0.13331056466302368,0.0015710382513661203,0.6112788823428846,0.0,4,1.1446,1.0,0.25692,45.536044120788574,0.6300942630873634,0.12448
12.0,0.33818,50000,1.0,0.5910160742314883,0.08874000000000004,5951.003060637786,4,0.0,23804.012242551144,gamma_iso,0.8096618861374886,0.7305771743400159,0.7587723167800036,0.15973272566187224,0.07792970295595623,0.19033811386251143,0.66738,0.12472,0.66738,0.20234,0.00556,0.14098360655737704,0.00168488160291439,0.6110388823428847,0.0,3,1.08874,1.0,0.2079,41.43676233291626,0.5843218642501928,0.12472
12.0,0.35566,50000,2.0,0.6072725911812585,0.10621999999999998,5657.279770051282,4,0.0,22629.119080205128,gamma_iso,0.8096618861374886,0.724263173876363,0.7512908296550468,0.1611995061857921,0.08431577267688523,0.19033811386251143,0.6509,0.12472,0.6509,0.21782,0.00656,0.13337887067395265,0.0015255009107468123,0.6110388823428847,0.0,3,1.10622,1.0,0.22438,53.74112868309021,0.5979167681954017,0.12472
12.0,0.35598,50000,3.0,0.6077993089828254,0.10654000000000008,5650.6365067250745,4,0.0,22602.546026900298,gamma_iso,0.8096618861374886,0.724163968384294,0.7511949916330332,0.16122870814498033,0.08441756300923531,0.19033811386251143,0.65074,0.12472,0.65074,0.21782,0.00672,0.13321948998178507,0.0015027322404371586,0.6110388823428847,0.0,3,1.10654,1.0,0.22454,37.98367118835449,0.5983948445030243,0.12472
13.0,0.30688,50000,1.0,0.5591779680924491,0.05699999999999994,6601.193226846422,4,0.0,26404.772907385686,gamma_iso,0.8002274746029965,0.7297435339684771,0.7578470889828892,0.1602243504815818,0.06924906996449097,0.19977252539700352,0.69602,0.12494,0.69602,0.17614,0.0029,0.1402094717668488,0.001639344262295082,0.6108188823428846,0.0,3,1.057,1.0,0.17904,38.49988508224487,0.5562707872464406,0.12494
13.0,0.32198,50000,2.0,0.5734631635946636,0.07210000000000005,6269.409423948019,4,0.0,25077.637695792077,gamma_iso,0.8002274746029965,0.72405794631217,0.7511856289658579,0.16157037324191054,0.07500359590162248,0.19977252539700352,0.68146,0.12494,0.68146,0.19016,0.00344,0.13326502732240436,0.0015027322404371586,0.6108188823428846,0.0,3,1.0721,1.0,0.1936,47.015976428985596,0.5689183274963703,0.12494
13.0,0.3221,50000,3.0,0.5736723803705387,0.07221999999999995,6266.715837709972,4,0.0,25066.86335083989,gamma_iso,0.8002274746029965,0.7240190123910908,0.7511723313988663,0.16157959801162391,0.07504349559032353,0.19977252539700352,0.6814,0.12494,0.6814,0.19016,0.0035,0.13319672131147542,0.0015027322404371586,0.6108188823428846,0.0,3,1.07222,1.0,0.19366,51.4387104511261,0.5691140038823401,0.12494
14.0,0.28112,50000,1.0,0.5329915571563962,0.030520000000000103,7253.894079700276,4,0.0,29015.576318801104,gamma_iso,0.7916841745733577,0.7288363756481778,0.7569933246887024,0.1608924248168371,0.061481703964507195,0.2083158254266423,0.72036,0.1253,0.72036,0.15286,0.00148,0.1391848816029144,0.0015710382513661203,0.6104588823428847,0.0,3,1.03052,1.0,0.15434,39.91561985015869,0.5321223474764555,0.1253
14.0,0.29402,50000,2.0,0.545398936559286,0.043420000000000014,6908.263389941932,4,0.0,27633.053559767726,gamma_iso,0.7916841745733577,0.7237881357087816,0.7511233016812694,0.16211378462375725,0.06659349956726128,0.2083158254266423,0.7077,0.1253,0.7077,0.16528,0.00172,0.13312841530054645,0.0014571948998178506,0.6104588823428847,0.0,3,1.04342,1.0,0.167,37.46727108955383,0.5436732614468953,0.1253
14.0,0.29406,50000,3.0,0.5454722724392139,0.043460000000000054,6907.315647391029,4,0.0,27629.262589564118,gamma_iso,0.7916841745733577,0.7237743711795906,0.7511168513949551,0.1621206768499174,0.06660763386618808,0.2083158254266423,0.70768,0.1253,0.70768,0.16528,0.00174,0.1331056466302368,0.0014571948998178506,0.6104588823428847,0.0,3,1.04346,1.0,0.16702,53.31175637245178,0.5437436358642102,0.1253
15.0,0.2556,50000,1.0,0.5068333059300661,0.0039599999999999635,8021.064919966053,4,0.0,32084.25967986421,gamma_iso,0.7824885744761719,0.7278438585079843,0.7558860919833513,0.16177713747773656,0.053158165703426685,0.21751142552382807,0.74504,0.12582,0.74504,0.1285,0.00064,0.13822859744990892,0.0015482695810564663,0.6099388823428846,0.0,3,1.00396,1.0,0.12914,45.765671730041504,0.5068229037732171,0.12582
15.0,0.26626,50000,2.0,0.5173586763551956,0.014620000000000077,7679.843677484333,4,0.0,30719.374709937332,gamma_iso,0.7824885744761719,0.7234961471295449,0.7511006678980383,0.16284899025545996,0.05756425776921699,0.21751142552382807,0.73444,0.12582,0.73444,0.13904,0.0007,0.13303734061930783,0.0014344262295081967,0.6099388823428846,0.0,3,1.01462,1.0,0.13974,44.67713904380798,0.5171572339551025,0.12582
15.0,0.2663,50000,3.0,0.5174359863789916,0.014659999999999895,7678.851273562991,4,0.0,30715.405094251964,gamma_iso,0.7824885744761719,0.7234823826003539,0.7510985677196855,0.1628558266876154,0.05757839206814379,0.21751142552382807,0.73442,0.12582,0.73442,0.13904,0.00072,0.13301457194899818,0.0014344262295081967,0.6099388823428846,0.0,3,1.01466,1.0,0.13976,47.82979464530945,0.517233443436037,0.12582
20.0,0.1773,50000,1.0,0.421070065428546,-0.10262000000000004,15010.95035253442,3,0.0,45032.851057603264,gamma_iso,0.738734388225002,0.7185901976197264,0.7524275565980021,0.1812561762685625,0.017944063700409733,0.26126561177499796,0.8227,0.13996,0.8227,0.03734,0.0,0.13483606557377048,0.001343351548269581,0.5957988823428847,0.0,2,0.89738,1.0,0.03734,36.27128458023071,0.40837785327980386,0.13996
20.0,0.18054,50000,2.0,0.4248999882325251,-0.09938000000000002,14792.777573581558,3,0.0,44378.33272074467,gamma_iso,0.738734388225002,0.7170540247763821,0.7507569340195881,0.18145204563207126,0.01950748635151599,0.26126561177499796,0.81946,0.13996,0.81946,0.04058,0.0,0.13258196721311474,0.0013205828779599272,0.5957988823428847,0.0,2,0.90062,1.0,0.04058,53.72394561767578,0.41311866205798403,0.13996
20.0,0.18054,50000,3.0,0.4248999882325251,-0.09938000000000002,14792.777573581558,3,0.0,44378.33272074467,gamma_iso,0.738734388225002,0.7170540247763821,0.7507569340195881,0.18145204563207126,0.01950748635151599,0.26126561177499796,0.81946,0.13996,0.81946,0.04058,0.0,0.13258196721311474,0.0013205828779599272,0.5957988823428847,0.0,2,0.90062,1.0,0.04058,47.19412279129028,0.41311866205798403,0.13996
5.0,0.60024,50000,1.0,0.8708386762196544,0.35636,2747.7654917395357,6,0.0,16486.592950437214,mu_rest,0.8578228257575808,0.7004891711471123,0.7391151679420238,0.19831106185976471,0.1436417411072174,0.14217717424241916,0.47396,0.12194,0.47396,0.33466,0.06944,0.13529398718034022,0.002994211191696054,0.6138188823428846,0.0,5,1.35636,1.0,0.4041,44.13943386077881,0.7945943480818122,0.12194
5.0,0.63424,50000,2.0,0.9038583959891062,0.39036000000000004,2839.4475381528937,6,0.0,17036.685228917362,mu_rest,0.8578228257575808,0.6916867941134702,0.7267737442390181,0.19859076671313025,0.15330771037998753,0.14217717424241916,0.45112,0.12194,0.45112,0.34742,0.07952,0.12473662031184155,0.0027724177700889393,0.6138188823428846,0.0,5,1.39036,1.0,0.42694,44.018837451934814,0.8152253444583558,0.12194
5.0,0.63718,50000,3.0,0.9075130853051101,0.3933,2834.830509284438,6,0.0,17008.983055706627,mu_rest,0.8578228257575808,0.6909958382516127,0.7260003393428293,0.19865412832171359,0.15414222338717323,0.14217717424241916,0.44982,0.12194,0.44982,0.34728,0.08096,0.1236941912302881,0.0027058797436068046,0.6138188823428846,0.0,5,1.3933,1.0,0.42824,36.55313587188721,0.81786825844372,0.12194
6.0,0.5191,50000,1.0,0.7856589590910296,0.2661800000000001,2689.512105072717,6,0.0,16137.072630436303,mu_rest,0.8412063069639762,0.6962696082784585,0.7367658700942583,0.20368400305592962,0.12881587959252735,0.15879369303602375,0.52794,0.12646,0.52794,0.30056,0.04504,0.13263246612105484,0.0026615210592853818,0.6092988823428847,0.0,5,1.26618,1.0,0.3456,48.28891921043396,0.7392016882980718,0.12646
6.0,0.54714,50000,2.0,0.8125146152531658,0.2942199999999999,2677.605912871854,6,0.0,16065.635477231124,mu_rest,0.8412063069639762,0.6882619309503762,0.7254608102742577,0.20395694672260556,0.1377168522514897,0.15879369303602375,0.50692,0.12646,0.50692,0.31494,0.05168,0.12373854991460953,0.0025284450063211127,0.6092988823428847,0.0,5,1.29422,1.0,0.36662,39.7247576713562,0.7573810560882035,0.12646
6.0,0.5491,50000,3.0,0.8151932286274218,0.2961800000000001,2666.7994740722093,6,0.0,16000.796844433256,mu_rest,0.8412063069639762,0.68777968202292,0.7247959183133501,0.20399603760158688,0.138304509589373,0.15879369303602375,0.50604,0.12646,0.50604,0.31486,0.05264,0.12298445228114534,0.0024840863219996894,0.6092988823428847,0.0,5,1.29618,1.0,0.3675,36.24917554855347,0.759492557026653,0.12646
7.0,0.45736,50000,1.0,0.7203332562085413,0.19155999999999995,3352.365178000908,5,0.0,16761.82589000454,mu_rest,0.8249911570745823,0.690933602676068,0.7341296137564304,0.21103785113597703,0.11487537869159223,0.17500884292541774,0.57258,0.1329,0.57258,0.2654,0.02912,0.13025927650985872,0.0023066515847139975,0.6028588823428846,0.0,4,1.19156,1.0,0.29452,48.51383972167969,0.6944021963446009,0.1329
7.0,0.4808,50000,2.0,0.7426977851050857,0.21500000000000008,3247.4724667444043,5,0.0,16237.362333722022,mu_rest,0.8249911570745823,0.6836943702357765,0.723781253374621,0.21122964444275658,0.12304139442573023,0.17500884292541774,0.55362,0.1329,0.55362,0.28004,0.03344,0.12262958280657396,0.0022179342160711514,0.6028588823428846,0.0,4,1.215,1.0,0.31348,50.03362250328064,0.7109044293730024,0.1329
7.0,0.4819,50000,3.0,0.7442714558546498,0.21609999999999996,3236.607037604706,5,0.0,16183.03518802353,mu_rest,0.8249911570745823,0.6833977285012309,0.7233621849439981,0.21124440011314607,0.12340568750967479,0.17500884292541774,0.5531,0.1329,0.5531,0.28002,0.03398,0.1221416372790383,0.002173575531749728,0.6028588823428846,0.0,4,1.2161,1.0,0.314,41.52520203590393,0.7122155116386474,0.1329
8.0,0.40796,50000,1.0,0.6672630665637055,0.12607999999999997,3608.660968001469,5,0.0,18043.304840007346,mu_rest,0.80874102314637,0.6846922346304327,0.7311111302910538,0.21964525206585325,0.10142756910157573,0.19125897685363002,0.61046,0.14094,0.61046,0.2304,0.0182,0.12797480426730543,0.002062678820946171,0.5948188823428846,0.0,4,1.12608,1.0,0.2486,42.72949147224426,0.6552498917576508,0.14094
8.0,0.4277,50000,2.0,0.6863381090978411,0.14582000000000006,3435.8695018690187,5,0.0,17179.347509345094,mu_rest,0.80874102314637,0.6782640765006815,0.7219126788326535,0.21976949223000042,0.10879987031802164,0.19125897685363002,0.59368,0.14094,0.59368,0.2443,0.02108,0.12154279504069909,0.001996140794464036,0.5948188823428846,0.0,4,1.14582,1.0,0.26538,34.16618537902832,0.6706754235175718,0.14094
8.0,0.42838,50000,3.0,0.687386354243376,0.14650000000000007,3427.206642129285,5,0.0,17136.033210646423,mu_rest,0.80874102314637,0.6780673969753076,0.7216946685287272,0.2197790549282965,0.10904420201773529,0.19125897685363002,0.59336,0.14094,0.59336,0.24428,0.02142,0.12121010490828842,0.0019517821101426131,0.5948188823428846,0.0,4,1.1465,1.0,0.2657,43.043890714645386,0.6716001570394536,0.14094
9.0,0.37008,50000,1.0,0.626226795977304,0.06864000000000003,3921.8966400821446,5,0.0,19609.483200410723,mu_rest,0.7925903800001916,0.6773272095746651,0.7286051513967359,0.22967852733935382,0.08875214917142141,0.20740961999980845,0.6409,0.15072,0.6409,0.19746,0.01092,0.12591212544635927,0.0018630647414997672,0.5850388823428847,0.0,4,1.06864,1.0,0.20838,34.72740054130554,0.6224598778443399,0.15072
9.0,0.38676,50000,2.0,0.6424951361683604,0.08532000000000006,3706.4597791702427,5,0.0,18532.298895851214,mu_rest,0.7925903800001916,0.6716493611531285,0.7200311862996985,0.22966500574690615,0.09537822828486801,0.20740961999980845,0.62614,0.15072,0.62614,0.21036,0.01278,0.12036728990618138,0.001818706057178344,0.5850388823428847,0.0,4,1.08532,1.0,0.22314,43.698631048202515,0.6368112814422837,0.15072
9.0,0.38704,50000,3.0,0.6429307894322686,0.0855999999999999,3702.2759846230438,5,0.0,18511.37992311522,mu_rest,0.7925903800001916,0.6715632183144831,0.7199639265200849,0.22966860363337135,0.09549550823991174,0.20740961999980845,0.626,0.15072,0.626,0.21036,0.01292,0.1202120345110564,0.001818706057178344,0.5850388823428847,0.0,4,1.0856,1.0,0.22328,48.20844006538391,0.6372132773375145,0.15072
10.0,0.34032,50000,1.0,0.5936665730862737,0.015840000000000076,4266.79959958422,5,0.0,21333.997997921102,mu_rest,0.7760694608606418,0.668828796697143,0.7253797240759151,0.24077844846057034,0.0764838172005244,0.22393053913935823,0.66572,0.16224,0.66572,0.16602,0.00602,0.12382726728325238,0.0017521680306962096,0.5735188823428847,0.0,4,1.01584,1.0,0.17204,39.71088218688965,0.5934611514857282,0.16224
10.0,0.35404,50000,2.0,0.6070584815320514,0.02956000000000003,4032.4592088152117,5,0.0,20162.296044076058,mu_rest,0.7760694608606418,0.6639500378446981,0.7179256472747241,0.24061614456469818,0.08227819429533893,0.22393053913935823,0.65314,0.16224,0.65314,0.1775,0.00712,0.11919178477166367,0.001729988688535498,0.5735188823428847,0.0,4,1.02956,1.0,0.18462,51.454941511154175,0.606344423138524,0.16224
10.0,0.35432,50000,3.0,0.6075195470106292,0.02984000000000009,4027.8141762073587,5,0.0,20139.070881036794,mu_rest,0.7760694608606418,0.6638638950060527,0.7178129018804099,0.24061682223569467,0.08239547425038264,0.22393053913935823,0.653,0.16224,0.653,0.1775,0.00726,0.11903652937653869,0.001729988688535498,0.5735188823428847,0.0,4,1.02984,1.0,0.18476,36.50493311882019,0.6067923354317907,0.16224
11.0,0.31982,50000,1.0,0.5710166372357289,-0.03286,5703.066930503531,4,0.0,22812.267722014123,mu_rest,0.7591629655573496,0.6585941280893479,0.7212131751891984,0.25335685190848,0.06513352931772616,0.24083703444265037,0.6833,0.17634,0.6833,0.13724,0.00312,0.12134318096125268,0.0015525539512498058,0.5594188823428847,0.0,3,0.96714,1.0,0.14036,46.6470673084259,0.5700760652179696,0.17634
11.0,0.33068,50000,2.0,0.5815496539419485,-0.02200000000000002,5417.878569159067,4,0.0,21671.51427663627,mu_rest,0.7591629655573496,0.654569799151595,0.7151925372555862,0.25304875127540083,0.07002042243073194,0.24083703444265037,0.67308,0.17634,0.67308,0.14682,0.00376,0.11763923082041387,0.0015303746090890944,0.5594188823428847,0.0,3,0.978,1.0,0.15058,39.767608642578125,0.5811391868176583,0.17634
11.0,0.33092,50000,3.0,0.5819621980850647,-0.02176,5412.577104109024,4,0.0,21650.308416436095,mu_rest,0.7591629655573496,0.6544957375478385,0.7151205420123236,0.25304679910057937,0.07012110359399765,0.24083703444265037,0.67296,0.17634,0.67296,0.14682,0.00388,0.11750615476744959,0.0015303746090890944,0.5594188823428847,0.0,3,0.97824,1.0,0.1507,46.94451379776001,0.5815610601349899,0.17634
12.0,0.30654,50000,1.0,0.5563991373106181,-0.07718000000000003,6009.742616540095,4,0.0,24038.97046616038,mu_rest,0.7424725203862202,0.6475070430297766,0.7171868964857326,0.2661192008863791,0.054817908206670485,0.25752747961377975,0.69498,0.19186,0.69498,0.11164,0.00152,0.11894781200789585,0.00146383658260696,0.5438988823428846,0.0,3,0.92282,1.0,0.11316,50.08283281326294,0.5510256982994566,0.19186
12.0,0.31526,50000,2.0,0.5646768987660111,-0.06845999999999997,5742.081885931036,4,0.0,22968.327543724143,mu_rest,0.7424725203862202,0.644176523851563,0.7121299736979122,0.2657632647847455,0.05893915783396516,0.25752747961377975,0.68654,0.19186,0.68654,0.1198,0.0018,0.11595360081619979,0.0014416572404462485,0.5438988823428846,0.0,3,0.93154,1.0,0.1216,37.968032121658325,0.5605171826003552,0.19186
12.0,0.31542,50000,3.0,0.5649601755876249,-0.06830000000000003,5738.409704643335,4,0.0,22953.63881857334,mu_rest,0.7424725203862202,0.6441259950356095,0.7121068234712076,0.2657593131447863,0.05900895948632442,0.25752747961377975,0.68646,0.19186,0.68646,0.1198,0.00188,0.11586488344755695,0.0014416572404462485,0.5438988823428846,0.0,3,0.9317,1.0,0.12168,37.7764995098114,0.5608220755533867,0.19186
13.0,0.30056,50000,1.0,0.5495816590826152,-0.12016000000000004,6196.652449775259,4,0.0,24786.609799101036,mu_rest,0.7248932467237934,0.6344494657579479,0.7127388540219803,0.2801250873541528,0.045258792321475845,0.2751067532762066,0.70018,0.21036,0.70018,0.08872,0.00074,0.11675205713398541,0.0013751192139641137,0.5253988823428847,0.0,3,0.87984,1.0,0.08946,35.81153655052185,0.5362903379201708,0.21036
13.0,0.30732,50000,2.0,0.5559496380068972,-0.11339999999999995,5964.18516449376,4,0.0,23856.74065797504,mu_rest,0.7248932467237934,0.6317506362454909,0.708388208695957,0.27972868054516625,0.04863439208205399,0.2751067532762066,0.69356,0.21036,0.69356,0.0952,0.00088,0.1142236121276643,0.0013529398718034023,0.5253988823428847,0.0,3,0.8866,1.0,0.09608,40.706634283065796,0.544266813729526,0.21036
13.0,0.30736,50000,3.0,0.5560215823149314,-0.11336000000000002,5963.249790125179,4,0.0,23852.999160500716,mu_rest,0.7248932467237934,0.6317377378473918,0.7083878304361163,0.27972727391128444,0.04865356037116414,0.2751067532762066,0.69354,0.21036,0.69354,0.0952,0.0009,0.11420143278550358,0.0013529398718034023,0.5253988823428847,0.0,3,0.88664,1.0,0.0961,42.15381979942322,0.5443486352593659,0.21036
14.0,0.30084,50000,1.0,0.5489262245511686,-0.16080000000000005,6259.889090360343,4,0.0,25039.556361441373,mu_rest,0.7071349538687005,0.6203594713197169,0.7079936931957276,0.294248490578414,0.03675007999536111,0.2928650461312995,0.6994,0.23082,0.6994,0.06954,0.00024,0.1146228402865571,0.0013085811874819792,0.5049388823428846,0.0,3,0.8392,1.0,0.06978,35.940271854400635,0.5248512831054026,0.23082
14.0,0.3061,50000,2.0,0.5537327875428725,-0.15554,6062.959683896887,4,0.0,24251.83873558755,mu_rest,0.7071349538687005,0.6182076031353321,0.7042786953237021,0.2938475969701569,0.039502450922698794,0.2928650461312995,0.69416,0.23082,0.69416,0.07476,0.00026,0.11262669949209307,0.0012864018453212678,0.5049388823428846,0.0,3,0.84446,1.0,0.07502,45.23021912574768,0.5314442182008768,0.23082
14.0,0.30614,50000,3.0,0.5538050198400155,-0.15549999999999997,6062.018438039556,4,0.0,24248.073752158223,mu_rest,0.7071349538687005,0.618194704737233,0.7042774558993452,0.29384566343715346,0.03952161921180894,0.2928650461312995,0.69414,0.23082,0.69414,0.07476,0.00028,0.11260452014993236,0.0012864018453212678,0.5049388823428846,0.0,3,0.8445,1.0,0.07504,36.469470500946045,0.5315311848875944,0.23082
15.0,0.3059,50000,1.0,0.5531545896040274,-0.20021999999999995,6237.012941116444,4,0.0,24948.051764465778,mu_rest,0.6887699460530904,0.6049589574077521,0.7020774381256902,0.308263981862014,0.028985445923677158,0.3112300539469096,0.69414,0.25306,0.69414,0.05276,4e-05,0.11256016146561093,0.0011976844766784216,0.48269888234288466,0.0,3,0.79978,1.0,0.0528,41.65630888938904,0.5156522758074388,0.25306
15.0,0.31,50000,2.0,0.5568482737694354,-0.19611999999999996,6074.722885412634,4,0.0,24298.891541650537,mu_rest,0.6887699460530904,0.6032460371078046,0.699168360084085,0.30785244575057225,0.031213153069620917,0.3112300539469096,0.69004,0.25306,0.69004,0.05686,4e-05,0.11083017277707544,0.0011755051345177102,0.48269888234288466,0.0,3,0.80388,1.0,0.0569,36.086443185806274,0.5211740381557403,0.25306
15.0,0.31,50000,3.0,0.5568482737694354,-0.19611999999999996,6074.722885412634,4,0.0,24298.891541650537,mu_rest,0.6887699460530904,0.6032460371078046,0.699168360084085,0.30785244575057225,0.031213153069620917,0.3112300539469096,0.69004,0.25306,0.69004,0.05686,4e-05,0.11083017277707544,0.0011755051345177102,0.48269888234288466,0.0,3,0.80388,1.0,0.0569,38.755608797073364,0.5211740381557403,0.25306
20.0,0.3992,50000,1.0,0.6318227599572526,-0.38480000000000003,6652.9439808208745,3,0.0,19958.831942462624,mu_rest,0.5862106236598804,0.5082993286003601,0.6600551905967876,0.3705680473992349,0.004777779491480653,0.4137893763401196,0.6008,0.392,0.6008,0.0072,0.0,0.099407811564309,0.000820635659946326,0.36787944117144245,0.0,2,0.6152,1.0,0.0072,35.003029108047485,0.5011326996711086,0.392
20.0,0.39958,50000,2.0,0.632123405673291,-0.38442,6632.772934269037,3,0.0,19898.318802807113,mu_rest,0.5862106236598804,0.5081194084606091,0.6599093224406971,0.37048253345374826,0.005032252251188371,0.4137893763401196,0.60042,0.392,0.60042,0.00758,0.0,0.09918601814270189,0.000820635659946326,0.36787944117144245,0.0,2,0.61558,1.0,0.00758,35.02897334098816,0.5018030487412312,0.392
20.0,0.39958,50000,3.0,0.632123405673291,-0.38442,6632.772934269037,3,0.0,19898.318802807113,mu_rest,0.5862106236598804,0.5081194084606091,0.6599093224406971,0.37048253345374826,0.005032252251188371,0.4137893763401196,0.60042,0.392,0.60042,0.00758,0.0,0.09918601814270189,0.000820635659946326,0.36787944117144245,0.0,2,0.61558,1.0,0.00758,30.55190396308899,0.5018030487412312,0.392
